bundleid;store;app_title;description;dev_name;dev_id;fullprice;versionnumber;osreq;latest_patch;content_rating
com.pixelthieves.marblerace;android;Marble Race;Race through colorful levels filled with obstacles and monsters and claim the best time. Challenge your friends in a 4-way battle arena. Unlock secrets and even build your own levels.‚Ä¢ NEW levels every week‚Ä¢ CONQUER all unique and charming levels‚Ä¢ AVOID enemies and traps‚Ä¢ CHALLENGE your friends in battle arena or co-op.‚Ä¢ SUPPORTS multitude of input devices such are gamepads, joysticks, etc.Trailer Music by waterflame.newgrounds.comTheme by k-pone.newgrounds.com-----------------------------Do you have ideas, bugs, want to build own levels in the editor or just talk about the game. Join our discord at https://discord.gg/V3KJ8xm;Elastic Sea;Elastic+Sea;00;1.2.2;4.1 and up;2019-08-18;['Everyone']
com.stealthone.hamstaball3d;android;Hamster Ball;Time to roll  your Hamsters with colorful balls !Hamsta ball 3D is a local multiplayer 'Roll-a-ball' game .You can roll with your friends through mobile hot spot / wireless router. In this game the players takes control of a hamster in its favorite Plastic toy and they have to crash their opponent before they got crashed.you can play across five magnificently designed arenas each having unique features. control your hamster with virtual-Joystick pad and play with physics and preventing hamsters falling out of arena !- 5 different arenas with different difficulty.- crash your opponent and push them out of arena.- 3 different hamsters with unique nature.Please Note !- Mid end - High end phones are recommended for smooth game play.- Adding more levels included with multiplayer racing feature is a future plan.- This game is still under serious testing, so please if you face any bugs/other issues feel free to mail to 'stealthonestudios@gmail.com'. Please be included with mobile phone model.;StealthOneGameStudio;StealthOneGameStudio;00;1.7;5.0 and up;2019-07-17;['Everyone']
com.tamaraine.BrickBreaker;android;Hamsterball;All blocks are setup to make you lose, so be smart and use the mechanics!Antonie Pescaru is a programmer in learning. Hence, why this app is his first app that was made public as part of a learning process. As being part of the main portfolio, Antonie Pescaru is proud to present Hamsterball as one of the apps made public for the world to experience. Of course it is entirely free and on behalf of the creator.Current Version --> 1.0.6Android compatibility --> 4.2.2 (Jelly Bean) to 9.0 (Oreo)If you have any feedback whatsoever, or have been experiencing any bugs about the app you can always contact the developper about any issues you may encounter.As stated above no profit is being made and this app is only for the public to experience. The app being free means that there are no in-game purchases nor adds whatsoever. All of the images and character seen in this app were created by Antonie Pescaru and are intended only to be used in this app only or by the developper himself. Anybody caught selling, re-distributing or unauthorized use of this app can be in very serious consequences. Antonie Pescaru is not in any way responsible for the actions of misuse of the app. Once again, as stated above this app was made for the public portfolio of the developper for people to enjoy and give their proper feedback, so please let's all be civilized.;Pescaru Softwares;6825990751989901028;00;1.0.6;4.1 and up;2018-12-05;['Everyone']
com.ammonite.hammy;android;HAMMY;The ultimate hamster ball arcade game!Experience the high octane thrill of being a hamster in a ball as you navigate Hammy through an ever-changing course of challenging obstacles and geometry at rapid speed while attempting to pick up as many collectables and powerups as you can!Challenge yourself to beat your best distances, improve your averages and unlock new Hammies and customise your hamster ball!;Ammonite Design Studios Ltd;9016163668484085428;00;1.1;4.1 and up;2019-02-10;['Everyone']
com.ibc.mobile;android;Hamsterball App;Appication ‡∏™‡∏≥‡∏´‡∏£‡∏±‡∏ö‡∏™‡∏°‡∏≤‡∏ä‡∏¥‡∏Å Hamsterball- ‡∏ä‡πà‡∏≠‡∏á‡∏ó‡∏≤‡∏á‡∏™‡∏°‡∏±‡∏Ñ‡∏£‡∏™‡∏°‡∏≤‡∏ä‡∏¥‡∏Å- ‡∏ä‡πà‡∏≠‡∏á‡∏ó‡∏≤‡∏á‡∏Å‡∏≤‡∏£‡∏ù‡∏≤‡∏Å‡πÄ‡∏á‡∏¥‡∏ô- ‡∏ä‡πà‡∏≠‡∏á‡∏ó‡∏≤‡∏á‡∏Å‡∏≤‡∏£‡∏ñ‡∏≠‡∏ô‡πÄ‡∏á‡∏¥‡∏ô- ‡∏ß‡∏¥‡∏ò‡∏µ‡∏Å‡∏≤‡∏£‡πÉ‡∏ä‡πâ‡∏á‡∏≤‡∏ô- ‡πÅ‡∏ä‡∏ó‡∏Å‡∏±‡∏ö‡πÄ‡∏à‡πâ‡∏≤‡∏´‡∏ô‡πâ‡∏≤‡∏ó‡∏µ‡πà‡πÇ‡∏î‡∏¢‡∏ï‡∏£‡∏á‡∏ú‡πà‡∏≤‡∏ô Livechat- ‡πÇ‡∏ó‡∏£‡∏™‡∏≠‡∏ö‡∏ñ‡∏≤‡∏°‡∏õ‡∏±‡∏ç‡∏´‡∏≤‡∏Å‡∏≤‡∏£‡πÉ‡∏ä‡πâ‡∏á‡∏≤‡∏ô‡∏ï‡πà‡∏≤‡∏á‡πÜ‡∏Å‡∏±‡∏ö‡πÄ‡∏à‡πâ‡∏≤‡∏´‡∏ô‡πâ‡∏≤‡∏ó‡∏µ‡πà- ‡πÅ‡∏à‡πâ‡∏á‡πÄ‡∏ï‡∏∑‡∏≠‡∏ô‡∏Ç‡πà‡∏≤‡∏ß‡∏™‡∏≤‡∏£ ‡πÇ‡∏õ‡∏£‡πÇ‡∏°‡∏ä‡∏±‡πà‡∏ô;Hamstarball;Hamstarball;00;2.3;4.4 and up;2019-09-24;['Everyone']
com.naissusworks.tlbtc;android;The Little Ball That Could;The Little Ball That Could (TLBTC)is a new title in the "roll the ball" genre of platform games, inspired by fun games such as Marble Madness, Super Monkey Ball, Manic Marble, Marble Blast and Hamster Ball. Only now, instead of simply getting to the end as fast as you can, you need to worry about spike fields, lasers, portals and all other sorts of traps and puzzles that are out there to ruin your day.The Little Ball That Could has the following features:‚Ä¢Roll the ball through5 worlds and 120 large levels, each containing a maze of twisty paths and giving you three tasks to perform.‚Ä¢Test your speed, precision and curiositywithout frustration- the checkpoint system will help you out with that nasty platform, and you can skip the level if you feel puzzled and just can't escape the room with spike fields.‚Ä¢Unlock beautiful marble skins using puzzle pieces, andif you are up for a challenge, win fun ball types that will let you play the game in radically different ways.‚Ä¢Experience thebest platforming actionwith our tight and responsive controls - you'll have a blast whether you prefer to play using touch controls, tilt or physical controllers.‚Ä¢Push the limits of your phone with ourhigh-definition, console-grade 3D graphics, or reduce the level of detail to get better performance and battery life.‚Ä¢Listen to ourawesome soundtrackthat includes nine piano-driven melodies and an original music piece specifically created for TLBTC.There is no exception to the rule- only balls with a heart can enter the Haven, and others, well... others have to move on. It was your turn to get your heart and be allowed in when the stamping machine stopped. Your only choice to join your kind is to prove your worth by finding enough hearts to refill and restart the machine. On your path, there are deadly falls to avoid, dangerous traps to evade, mind-bending puzzles to solve, and maze-like levels to traverse. But all is not grim, for there are shiny gems to collect, hidden puzzle pieces to find, and trapped friends to help. Perhaps there is another way to prove your courage inTLBTC?The Little Ball That Couldtakes the unique look and perspective of Marble Madness and Hamster Ball, combines it with the fast gameplay of Manic Marble and Polyball, adds in a pinch of item collecting from Super Monkey Ball, and seasons it with the challenging traps of Marble Blast. Add to that gorgeous maze-like levels only possible on modern HD phones and tablets, and you get the recipe for thebest roll the ball gamefor Android phones and tablets!We put a lot of effort in makingThe Little Ball That Coulda challenging, yet a fair and fun game, and we hope you'll help us makeTLBTCthe best platform game of 2017!To get the latest newsabout TLBTC and our other apps, find us on:Facebook: https://www.facebook.com/naissusworksTwitter: https://www.twitter.com/naissusworksWeb: https://www.naissusworks.com;NaissusWorks;8397875400461057969;00;1.2.2;4.4 and up;2018-11-28;['Everyone']
com.mibejomobile.ballcoaster;android;Ball Coaster 3D - roller dash;Welcome to the world of Ball Coaster - amazing 3D roller game :)Roll & rush with your wooden ball before the time runs out :)Dash through numerous twisted pipes, platforms and more.Also play challenging ball mini games.HOW TO PLAY:- Tilt your phone left and right to control the ball- Use arrow buttons to roll forward / back- Reach bonus rings to gain more time- Don't fall from the slide- Horizontal rolling speed depends on your device tilt angle :)GAME MODES:- Levels- Mini Games - various ball games in 1GAME FEATURES:- Innovative, addictive & fast gameplay- Variety of crazy levels- Positive, colorful 3D graphics- Fun to play rolling gameAnd many more :)Have fun :);Mibejo Mobile;Mibejo+Mobile;00;1.09;2.3 and up;2016-06-28;['Teen', 'Violence']
com.crossfield.namsterlife;android;Hamster Life;you can raise your hamster easily and happily.„ÄåHamster Life„Äçis a free game app which can play with hamster and through with healing life.You can give food to it, touch its cute face. If hamster is full of foods it even take food home,there ara many of cute behavior you can see.Not only touch or give food to it,even if put the hamster to the wheels.Thera are hundreds of way to take care your hamster.Let's take care it everyday and found many kinds of look about it.*Now Start the game by dragging the hamster to the wheel!*You can save coins if you let hamster to play the facilities.‚ñ†How to play„ÉªHow to raise the hamster*The way to take care hamster„ÉªYou could give food to it or touch it cute face.„ÉªPress the hamster longly and you could move the hamster.You also can change your furniture or decoration.„ÉªDouble click screen, hamster will come to you!*How to save the coins„ÉªIf you  touch hamster or give it food many times,EXP could be accumulated.„ÉªIf Hamsters are full of food,they will take foods back to house!„ÉªIf Hamster come near to water feeder,will start to drink water cutely!„ÉªUse coin to add the mount of hamster, also can accumulate EXP easily.„ÉªThera still have other way to save coins, let's find it out!*The way to get cheesesJust take care you hamster,there will give coins when you level up.And take the hamster to walk around, there also will give you coin when you level up.*How to add new hamsterPlease click the hamster which on the top of screen.Then you can exchage or add new hamster.If you want to promote the stage level, you also can exchange by cheese.*How to change the decoration of house„ÉªYou can save coins and exchange furniture by coins in shop.„ÉªAfter you bought new furniture or decoration, you can decorate it directly.*About take a walkIt is very easy to play, just array three blocks with the same color vertically or Horizonally.Then you could get coin or cheese or hamsters.*About eventAccording to your level, official side prepares many kinds of event.Let's get the gorgeous reward and take card our hamster!!*About start pageAfter you finish tutorial, you can choose home or walk mode.You can pass you life with hamster and free to decorate the house .*If you cannot open the app, please restart your device and close application first.*When you send mail to us, please let us know which device you are using and your mail address.;Cross Field Inc.;8349232061000500898;00;4.5.2;4.1 and up;2019-09-24;['Everyone']
com.maxridergames.hamsterballgame;android;Hamster Ball Play Game;Download the best "hamster ball play game", where you have to escape from the evil cats that want to catch our hero and capture him, that's why you have to guide him through the left and right controls to escape the cats.Get as far as possible and show your friends who is the best, Hamster ball play game !!Download it now! It's free!;The Mark Rider;The+Mark+Rider;00;1.0;4.1 and up;2018-11-30;['Everyone']
games.puzzle.ammr;android;Amazing Marble Maze Run;Amazing Marble Maze Runis physics based balancingpuzzle game. Works with tilt control- the simple most game control!What to do:Enjoy the marble with tilt based balance, make it reach to the destination point. You canboost speedalso.Amazing Marble Maze Runhas great entertaining and interesting zest with:1.	A marble, rolling over with real time physics based balance tactics.2.	Destination point as your core challenge point and game‚Äôs target point.3.	Maze is there to for your mental exercise and eye catching movements.4.	You can boost the speed of the marble if you have enough control and confidence!5.	Suitable to all age groups as a funny time killer.Eye catching graphics with interesting sound is waiting to chill you with this puzzle game!Get theAmazing marble maze run, free game!;Game Logic;Game+Logic;00;1.18;2.3.3 and up;2018-10-29;['Everyone']
com.deimosstudio.spacehamsterball;android;Space Hamster üêπ Roller Bump;üöÄüöÄüöÄüöÄüöÄThe Earth is no longer a good place to live. Humans destroyed the planet and hamsters had to start a space program to move and colonize other star systems. The best and more intelligent rodents worked for all their short lifes to develop the best technology to travel through galaxies.üêπüêπüêπüêπüêπChubby Mc Cheeks is the captain of the aircrew in the spaceship ‚ÄúLucky Teeth IX‚Äù (apparently the other eight attempts did not have luck at all‚Ä¶) . The mission of the crew is to explore the confines of the galaxy and find a new planet where life is possible.‚≠êÔ∏è‚≠êÔ∏è‚≠êÔ∏è‚≠êÔ∏è‚≠êÔ∏èIn a star far away from our planet, the space ship suddenly stopped working and a lot of foreign garbage appeared on the surface. Is this the clue the astronauts were looking for? Anyway, the first step is to find out what happened to the spaceship.üëΩüëΩüëΩüëΩüëΩThe captain goes into his hamster ball to investigate and solve the problem! Help the little rodent in his job and fix the spaceship.üïπÔ∏èüïπÔ∏èüïπÔ∏èüïπÔ∏èüïπÔ∏èSpace Hamster: Roller Bump is an arcade game in which you have to use your skill and the physics to complete a route, dodging all the traps in your way. This is probably the best game about an astronaut hamster rolling in his hamster ball over a space station plagued with alien trash. Play along more than 100 levels and have fun with one of the most addicting apps.üéÆüéÆüéÆüéÆüéÆThe rules are so easy to learn! Just drag your finger on the screen to control the acceleration and direction of the hamster ball. Run over the grid in the ball and avoid the color shapes: they are hot and will destroy your ball. You can touch the white objects, use them to push the color stuff and take them out of your way. You can throw them the ball too and the physic will do the rest! New color forms with amazing effects will be available soon, stay tunned and do not miss the new updates!üëæüëæüëæüëæüëæDo you want to help this tiny leader in his task and find out if there are aliens out there? Don't wait and download now for free Space Hamster: Roller Bump. You won't find cool games like this anymore!___Did you like the game? Like us on Facebook:https://www.facebook.com/DeimosStudio1Or follow us on our Twitter account:https://twitter.com/DeimosStudio___If you have any question, please contact us at:deimosstudiogames@gmail.com;Deimos Studio;7718084971093230099;00;1.2;5.0 and up;2019-06-06;['Everyone']
com.Not4Humans.AmazingHamster;android;aMAZEing Hamster: a Roll a Ball Adventure;Hamtown is in danger, you must restore the Hamulets before the evil owls attack!The survival of the hamsters is at risk, but the bravest of them counts on your expertise. Travel with Hammie through the dangerous and aMAZEing labyrinths of the world, avoiding the traps before the time is up.Discover ancient civilizations, immerse yourself in the lost city of Atlantis or decipher the mysteries of the digital world. You will need nerves of steel!Will you be the savior of Hamtown? Show up your skills in a Challenging Free Game!Enjoy a Roll a Ball Game like you never seen before.Each maze will be a new challenge. Will you be brave enough?Features:‚óè Free to Play Game!‚óè Explore multiple Worlds.‚óè Roll Hammie¬¥s Hamster Ball rotating your phone.‚óè Avoid the most deadly traps.‚óè Beat your own scores.‚óè Show your skills with this frantic game.‚óè aMAZEing handpainted art.‚óè Original soundtrack.‚óè Daily rewards!‚óè Monthly updates with new worlds to explore.‚óè Seasonal events.History:Hammie is a hamster who lives on the Cheddar's reservation, in the Sedgemoor's district, next to the edge of the lake, he lives with his girlfriend Hammy in their burrow, it¬¥s just three holes far from Hamschool, where he works giving lectures of Ball and Acrobatic Hamster Wheel, (He is a Physical Education teacher).Twenty days left to the onset of winter, and during that night, the crazy foxes broke the sacred Hamulets that keeps the evil owls far from Hamtown. Being on the middle of harvesting time, the hamsters couldn¬¥t afford to leave the hard work to find new ones or they could all starve.A meeting was convened at Hamtown and the ancients spoke about the places where their ancestors got the sacred Hamulets a thousand years ago, dangerous Mazes filled with traps.Hammie, witnessing that the people of Hamtown may be at great risk of the ferocious owls, decided to leave on absence and put on his race glasses to pursue the Greatest Adventure.Reviews"The developers did a great job with their level design. The stages are neither too easy nor too challenging, just perfectly balanced!"- Daikon Media‚ÄúNot4Humans‚Äù created a game, that is full of life, fun and cuteness."- Daikon MediaPlay Now for Free!!!Follow us for the last updates:Twitter: @Not4HumansGamesYoutube: https://www.youtube.com/channel/UCmOyaiRS8JBm_nqb5GOTvBwWebsite: http://not4humans.com/Facebook: facebook.com/Not4humansHave fun playing aMAZEing Hamster!aMAZEing Hamster will be updated often with your suggestions. Do not forget to leave an opinion with your comments.A Game developped byN4H Games.;Not4Humans;Not4Humans;00;1.1;4.1 and up;2018-02-04;['Everyone']
com.Bouland.BallResurrection;android;Ball Resurrection;Ball Resurrection is a free ball balance 3D game combining the elements of arcade and puzzle, where an errant ball is the only character.The main goal of the ball game is to pass through all the levels balancing and reach the maximum score. Various elements and obstacles are being introduced as one moves onto new levels, meaning that the complexity and level of puzzle solving required are gradually increasing as the game progresses.You will find 5 lives to spend and the unique ability to change material and physical characteristics of the ball turning it to wood, stone or paper. However, this feature is to be used only at special transformation points.Features:‚Ä¢ Classic gameplay‚Ä¢ Deep atmosphere‚Ä¢ Modern graphics‚Ä¢ Realistic physics‚Ä¢ Intuitive controls‚Ä¢ No time limitsBall Resurrection is accessible for all ages, easy-to-learn and control. Vivid graphics and addictive gameplay contribute to quick relaxation and bright emotions. Moreover, the ball game develops logical thinking and imagination.;Bouland Games;Bouland+Games;00;1.9.1;5.0 and up;2018-12-31;['Everyone']
com.AnuragNitish.extremeBalancer;android;Extreme Balancer - 3D Ball;In this game you have to balance the ball in the outer space and you have to reach the Earth. Balancing the ball in the space is really a joyful thing ever. There are 16 levels and from first level we will be in the space and in 16 level we will reach to the Earth. We are getting closer to the Earth after every level and finally in 16th level we will be in the Earth.This game will also give you a feeling of astronaut and you can see how the earth is rotating while playing.Story line:- You are an astronaut and you are given a ball to which you have to reach the Earth by balancing it yourself.Tag: 3D Ball, Balance Ball, Extreme Ball, Balancing Game, Ball 3D, Space to Earth, Game on space science.Inspired by:-> Digital India> Make in India> Skill IndiaEnjoy!!;Enteriosoft;8827829994088552831;00;2.5;4.1 and up;2018-10-28;['Everyone']
com.PureFigment.TestingYourMarbles;android;Testing Your Marbles;Testing Your Marbles is a 3D physics based puzzle platformer, which is designed to subtly challenge the mind.You must take control of a fairly normal sphere to complete some not so normal challenges.;Pure Figment;Pure+Figment;00;Varies with device;Varies with device;2017-10-13;['Everyone']
com.mobirix.ballhupking;android;Ball Hole King;It is so much real arcade-like gaming experience. Swipe the call and put it in the hole.With coins earned by playing the game, Make your own ball collections and roll them again![Feature]-Beautiful 3D graphics-Most arcade-like gameplay (Old School Arcade)-Realistic physics by the advanced game engine.-Various & different 26 balls-Achievement, Leader Board Supported-16 language supported-Tablet devices supported[How to play]-Swipe the ball toward wherever you want to move.-Earn scores when your ball roll into the holes  and each hoop have their own score tag.-The game is over when you use up balls in your inventory.-Challenge again for higher scoreHomepage :https://play.google.com/store/apps/dev?id=4864673505117639552Facebook :https://www.facebook.com/mobirixplayenYouTube :https://www.youtube.com/user/mobirix1;mobirix;4864673505117639552;00;1.2.6;4.1 and up;2019-09-02;['Everyone']
com.patyuk.mrc;android;Marble Run;Marble Run - is a fantastic educational toy that provides hours of fun while combining basic learning skills with coordination and organizational skill.Now this game is placed in your pocket.Pay for the game as much as you want. If you think she deserves it.;PS Games Mobile;6993789714792805126;00;1.3.3;4.1 and up;2019-09-21;['Everyone']
com.lot10games.NovaBall3D;android;Nova Ball 3D - Rolling Ball Free;Roll your ball with the virtual joystick and travel in a beautiful 3D deep space environment.Take advantage of your boost button wherever you feel need of more force,  speed or jump and try not to fall of the rails.You don`t have to rush , but if you finish a level fast enough ,you can win more points and eventually you can unlock more textures for your ball. If you don`t hurry, you will still get some points every time you finish a level.You can chose between 16 textures and you can experience 20 levels with ambient space sounds and beautiful graphics.More epic levels soon!Nova Ball 3D - Rolling Ball FreeRolling ball game;Lot10Games;4692939627370696571;00;2.5;4.1 and up;2019-09-17;['Everyone']
com.anifree.balling;android;Balling;Balling is a 3D puzzle, logic, and balance game.Control the ball to travel through the path and reach the goal portal within limited time.Pick up hourglasses to get more time.There are 3 kinds of balls: wooden, stone, and paper.Use the transformers to change to the right ball.This version has 12 levels.More levels coming soon.Suggestions and comments are welcome.Levels walk through: https://www.youtube.com/playlist?list=PLCRbG3aMRHxcaKbS7YMk4AWuw36b_TiSQTags: ballance, balance, ball, balling, 3D;aniFree;aniFree;00;1.8;4.0 and up;2018-06-27;['Everyone']
com.ArtSoft.BalanceBall;android;Balance Ball;Balance Ball provides fantastic game play and accurate physics for Balance Ball enthusiasts.-Features-*Balance Ball*Joystick Supported* Total 30 Section* Exciting and Fun levels!* It's a FREE game!* Compatible with all tabs and mobile devices.* Classic gameplay* No time limits*Play ball game!* Balance 3DHow to Play:Select level and play game.Use right D-Pad to control the movement of Balance Ball.New Balance Ball game. You will have a lot of fun playing Balance Ball.Download and play your new free game "Balance Ball" on Android Google Play!;ArtSoft;ArtSoft;00;1.24;4.1 and up;2019-06-22;['Everyone']
com.karasgamestudios.dungeonball;android;Dungeon Ball - Balance Ball;New Balance Ball game. You will have a lot of fun playing Dungeon Balance Ball.This game is pushing mobile graphics to the limits. High-end devices are recommended for optimal gameplay for Balance 3D.Balance your unique journey through the caves and epic places.You control a ball - a special one. Up to 8 energy sensors are activated on your ball upon collecting magic sources from the chests. Specific magic energies are then required to unlock each locked gate. If you fall, dont worry - you keep all collected energies since the last gate.As you progress further, you will balance through an obstacles, traps, heights and solve puzzles.Types of control:- Touch: Tap virtual buttons multiple times to get slower ball and more precise movement in difficult areas. Hold for the fastest movement.- Control via G-sensor (Tilt): Before starting a game make sure you hold your device horizontally with a slight forward lean (30 degrees).This ball game has only 5 levels, but we are working on new ones. Make sure you check again soon for more exciting balance levels to play.;Karas Games;Karas+Games;00;1.45;5.0 and up;2019-10-03;['Everyone']
com.pronetis.gyrosphere;android;GyroSphere Trials;Join the fun and test your ability to master the GyroSphere!It‚Äôs a fast-paced race through endless, unpredictable obstacles and time is running out! Roll, spin, jump, but don‚Äôt fall and lose lives! It‚Äôs a challenging course in an abstract world, but with uncompromising physics!You will easily learn to control the GyroSphere, but can you master it? Time is of the essence! Only speed and focus will help you unlock more arenas with new challenges ahead! Keep trying to be better and beat your own times! Work your way up!Ready? Go break your own records and tell your friends about it!Features:- Easy, one finger swipe ball control- Super-realistic physics based tracks- Earn points to unlock new arenas- Wildcards let you play a level without losing spheres / lives- Sharing options- Offers in-app purchases to buy more spheres and free play cards.Please contact us with feedback at WeListen@pronetis.com. We‚Äôd love to hear from you.;Pronetis Games;4983496457387268056;00;1.5.6;5.1 and up;2018-10-31;['Everyone']
com.ArtSoft.Balance3D;android;Balance 3D;Welcome to the new Balance 3D game! Save the ball by overcoming all obstacles! Balance 3D provides fantastic game play and accurate physics for Balance 3D enthusiasts. Control the ball with the left side of the screen.-Features-‚Ä¢ Joystick Supported‚Ä¢ Total 30 Section‚Ä¢ Exciting and Fun levels!‚Ä¢ Great colorful HD graphics‚Ä¢ It's a FREE game!‚Ä¢ Compatible with all tabs and mobile devices.‚Ä¢ Classic gameplay‚Ä¢ No time limits‚Ä¢ Play ball game!‚Ä¢ Balance 3D‚Ä¢ Balance BallHow to Play:Select level and play game.Control the ball with the left side of the screen.Use left D-Pad to control the movement of Balance 3D.New Balance Ball game. You will have a lot of fun playing Balance 3D.Download and play your new free game "Balance 3D" on Android Google Play!;ArtSoft;ArtSoft;00;1.2;4.1 and up;2019-08-22;['Everyone']
com.abmgames.planetball;android;Planet Ball Bounce;Control the planets !!! Try this little time-killer ball game.Collect the yellow rings and reach to the final path. This is a 3D maze puzzle ball game. Do you remember the addictive bounce original ball game? A new version of the bounce original. This time play with the planets. Sun, earth, jupiter, uranus etc. Control all planets. But be careful about traps. Funny times.Challenge yourself with difficult levels !!!BALL GAME FEATURRES* 24 levels totally.* 12 levels easy and 10 levels difficult.* All Planets in solar system and sun.* Nice relaxing musics.* Space feel while playing.Easy levels youtube playlist:https://www.youtube.com/watch?v=VW6rmxNpP8E&list=PLy-HUM2RDYEqql4o0QrZR3mxa_dKKkJ9fwebsite:https://abmgamers.blogspot.com.tr/;ABM Games;ABM+Games;00;3.0;4.1 and up;2018-05-05;['Everyone']
com.genico.bounce;android;Bounce Classic;Remember playing Bounce on your old phone? It is now available on your Android devices and it is free!Genico Studio proudly presents, Bounce Classic, a fan-made remake of the Bounce game, which for years was driving you crazy and draining the battery of your old cellphone.Bounce consists of the 11 original levels of the game packed as an original episode.That is not the end of the story, this game contains another brand new series of episodes and many yet to come soon.Enjoy 11 original levels, collect all rings and beware of dangerous thorns. Stay in touch with your friends and beat their scores. Most popular Bounce game - now on your Android devices![Features]1.Completely free game2.Original sounds and effects3.Original levels and more to come4.Endless updates5.Intuitive and easy controls;Genico;Genico;00;1.1.4;4.0 and up;2019-07-03;['Everyone']
com.patyuk.mr2d;android;Marble Run 2D;Marble Run - The famous track designer brings a lot of fun and positive emotions.  This  wonderful game is in your pocket now. It`sIn 2D space this time! Build unusual mechanisms, develop  spatial thinking and engineering abilities.;PS Games Mobile;6993789714792805126;00;1.3;4.1 and up;2019-09-21;['Everyone']
com.classic.bounce;android;Bounce Classic Game;If you are a fan of the classic bounce game, Bounce Classic is game for you. Bounce classic game will bring you back old memories.The player controls a red bouncing ball through 11 levels. He has to avoid obstacles and collect all the rings to get to the next level.Collecting crystals gain extra points, while crystal balls give an extra life. Jumping on rubber floors give extra Bounce.Features:- Beautiful HD graphics- Original levels most popular.- Intuitive controls- Play every where and every timeMost popular mobile classic game: Bounce Classic - now on your Android devices!;OneSoft Global PTE. LTD.;5015266578532322195;00;1.3;4.0.3 and up;2019-10-11;['Everyone']
com.baskosergey.basketroll;android;BasketRoll: Rolling Ball Game;BasketRoll - a unique arcade game with elements of physics and puzzles that has a beautiful three-dimensional graphics.The game is set high in the sky where you have to roll the ball along the roads and overcome various obstacles. The main feature is a way to manage. You do not use the joystick and buttons, you control the ball by tilting. The goal is to roll the ball to the basket and to collect as many stars as possible.FEATURES:- Crazy levels - become the best!- A unique control by means of tilting- A large collection of football, basketball and volleyball balls - make your choice!- Pass all the challenges and reach the finish line- The game is free - download it now!- Does not require internet connection - the game is offline- A game for boys, girls and adults - a game for the whole family- A puzzle game based on the laws of physics- High quality 3D graphics- Best game on the road - the trip will be funny and never boring- The new version of the game - a big update in 2018;Tsybasco;7728893079090776009;00;3.0.1;4.1 and up;2018-08-22;['Everyone']
com.RenownEntertainment.BallHop;android;Ball-Hop Bowling - The Original Alley Roller;The original top rated skew ball style game, FREE!‚Ä¢ High Definition 3D graphics‚Ä¢ Fun ultra-realistic physics‚Ä¢ Tons of prizes to redeem‚Ä¢ Premium content available‚Ä¢ Google Play Services (Achievements and Leaderboards)This is the FULL version of the game. If you wish to remove ads, simply enter the SHOP and UPGRADE.Play the arcade and carnival classic known as skee ball, roller ball, ramp ball, etc. Different names, but the fun is the same. Roll the ball up the alley with easy swipe control and aim for the score hoops. Hit the special icons for big bonuses. Redeem new balls, themes, prizes and experience nostalgia. Over 5M downloads with the best graphics, physics, and gameplay in the skee ball style game category. Get it now!___HOW TO PLAY‚Ä¢ Swipe up on the screen to launch a ball‚Ä¢ Aim for the Bonus Icons to enhance your gameADVANCED‚Ä¢ Swipe down to grab balls that don't launch‚Ä¢ Tilt and Sensitivity settings are in the Pause menuTIPS‚Ä¢ Tilt and perform bank shots for extreme control‚Ä¢ 3 Bonus Icons = On Fire!‚Ä¢ 6 Bonus Icons = Burning Up!___SUPPORT‚Ä¢ Please email us at the support address in Contact Information‚Ä¢ If you don't receive a reply within 5 business days, check your Spam/Junk folders‚Ä¢ We care about our customers and will do our best to help you out___BACKING UP DATAYour data is saved on the device and currently there isn't support to move save data between devices. If you uninstall the game without backing up, you will lose your data. You can use backup tools like Titanium Backup or any other backup program on Google Play. However, we do not encourage/support this and will not be able to provide support if anything goes wrong.;Renown Entertainment;Renown+Entertainment;00;1.14.0.1;4.0.3 and up;2018-06-01;['Everyone']
gdx.bounce.classic;android;Bounce Ball;Do you still remember this bounce game on the old cellphones?Now, let's enjoy the Bounce game with 11 original levels. Collect all rings and beware the dangerous thorns. Stay in touch with your friends and beat their scores.Features:- 11 original levels with fixed bug on old cellphones.- 11 user levels.- Best game mechanism as the old bounce game.- Intuitive controls- Fantastic HD graphics;Bounce Global;Bounce+Global;00;2.4;4.0.3 and up;2018-11-23;['Everyone']
com.boombitgames.DancingBall;android;Dancing Ball World : Music Tap;From the creators of Dancing Line comes a one-touch arcade music game, Dancing Ball! Featuring a distinctive soundtrack, and design, each level is a unique musical journey and challenge!GAME FEATURES:- Multiple levels ‚Äì each with an original musical piece and atmosphere- Addicting rhythm-based gameplay ‚Äì listen to the music, tap to avoid obstacles!- Exciting original soundtrack ‚Äì discover catchy, memorable tunes- Play for the challenge or to relax ‚Äì the first levels are a peaceful experience, the later ones require reflexes and skills!- Free to play ‚Äì all of the levels and challenges are available through normal gameplayGAMEPLAY:Each level is a maze built before your eyes. To anticipate what‚Äôs coming next and be able to react to its twist and turns you have to listen carefully to the music. The rhythm of the melody is key to everything that happens in the game.Levels are also designed to tell their own stories. Painted in a distinct graphical style, they allow you to visit and explore multiple different environments. Swim near the bottom of an ocean, fight for survival on a tropical island, take a tour of an ancient castle, navigating its walls and making sure not to hit the floor. Feel the Siberian climate of the Winter level.The later levels, where you get to venture into lava-filled tunnels and dangerous caves will be the ultimate test of your skills and reflexes! With time and training, you'll be able to crush all of them!LEVELS INCLUDE:- Ocean - Explore the vast underwater habitat teeming with colorful sea creatures- Island - Venture across a picturesque tropical island- Castle - Cross the drawbridge and attempt to crush the castle- Desert - Fight for survival in this sun-baked environment- Lava - Don‚Äôt fall. Remember - the floor is lava!- Winter - is coming! Be careful not to perish in the Siberian temperatures- Cave - Intense, fast-paced level. Can you escape the Cave?Use your reflexes and your sense of music to survive against impossible odds! Dancing Ball is a game of surprising last moment jumps, excitement, and great music. Let it fascinate you!The in-game mission system exists to challenge you even after you complete all of the levels. You will want to come back and relive them, as you will be getting rewarded for doing so!;Cheetah Games;Cheetah+Games;00;1.1.2;4.1 and up;2019-02-22;['Everyone']
com.miloshpetrov.hamster.android;android;Hasty Hamster - A Water Puzzle;Guide Hasty Hamster through the mazes of the Sunken Pyramid!But avoid diving too deep! Once the air runs out, Hasty Hamster will have to start from scratch!Use the mighty Graviton -- the newest Professor's gravity-altering device -- to make water flow out of the way!===Features:‚òÖ Physics-based water simulation!‚òÖ Unique gameplay -- tilt your phone to change gravity and make water flow! (Uses your phone's accelerometer.)‚òÖ 500+ free levels to complete, each generated randomly every time you play it!‚òÖ Dangerous hazards: huge boulders, poisoned waters, locked doors, and more!‚òÖ 5 powerful bonuses to help Hasty Hamster in the adventure!‚òÖ Use both logic and reaction skills to win!‚òÖ Easy to understand for kids, brain-challenging for adults -- a fun game for the whole family!‚òÖ Many ways to solve each puzzle -- try playing with friends!===Important notices:- Please hold your device tightly while playing, otherwise it may slip.- This game contains in-app purchases that cost real money. You can disable in-app purchases in the settings menu of your device.===Like Hasty Hamster on Facebook! https://facebook.com/hastyhamsterFollow Hasty Hamster on Twitter! https://twitter.com/Hasty_Hamster===Privacy Policy: https://hastyhamster.net/pp.htmlTerms of Service: https://hastyhamster.net/tos.html;Milosh Games;7535209723282666816;00;1.2.3;2.3 and up;2016-11-21;['Everyone']
jp.gr.java_conf.dbit.rail;android;Marble on Rails;Let's watch!You can change the viewpoint and change the number of balls.Video ad reward is removal of banner advertisement and increase of marbles for 24 hours.Course edit mode sample video:https://youtu.be/6qzmcdhbQ6k* Course data Import/Export functionPush "Save Course to..." button.Check "Export" and push "OK" button.Specify the folder and file name you want to output.(Android4)Fixed file is output to the root of internal storage;dbitware;dbitware;00;1.0.3;4.1 and up;2018-08-01;['Everyone']
io.voodoo.tenkyu;android;TENKYU;Roll the ball through a 3D world to reach the goal!Carefully maneuver through stages, or meet your doom!Swipe your finger and tilt the stage and roll the ball.Be careful not to tilt too much! Game over if the ball falls!;VOODOO;VOODOO;00;3.21;4.4 and up;2019-07-16;['Everyone']
com.kingStudio.extreme.ballbalance3D.freeGames;android;Extreme Ball Balance 3D;Extreme Ball Balance 3D is a balancing game from impossible traps. There are some challenging tracks to roll the ball from one point and reach to the other end by crossing obstacles safely. This is very risky to control ball on floating bridge balance. Different hurdles may cause you to restrict going ahead towards finishing point. But you should not lose control over the impossible track ball. After passing one level the next level coming to it become harder and harder. In this Extreme Ball Balance 3D game, there will be new challenging traps, steep slopes, barriers, bends, hammers and dangerous areas to escape from.Impossible ball runner game will take you engaged for long hours. Enjoy all the bridge balance game levels to balance the ball on impossible tracks. There are 10 different tracks for hell ball runner challenge. You can be the best scorer or coin collector of this ball balancer mania. Its thrilling game play provided quality graphics and environment best of all other balance games.Extreme Ball Balance 3D Game Features:-	10 Different wooden tracks for ball-	Best game play with stunning graphics and environment-	Astonishing animations with thrilling impossible tracks ball runner-	Different variety of balls in this balancing game-	Easy controls and user friendly interfaceDownload Extreme Ball Balance 3D to enjoy balancing impossible tracks and become an ultimate ball balancer. Never forget to rate and give your precious feedback for more improvements.;King Studio free games;5879555773366911073;00;1.0;4.4 and up;2018-10-19;['Everyone']
com.fl.flappy.ball.classic.pstr;android;3D Flappy Ball Classic;Best Classic Flappy 3D Ball for android in playstore, Special game for flappy ball game which can able to give you fully entertainment to play. Using the now famous "flap" mechanic you must get to the hole in the fewest flaps as possible!Classic Games Ball is a games collection app that contains many addictive games. Its remember like Pool Ball Classic game in android, Experience the fun to be a Master in Flappy Ball! Best of all, it‚Äôs totally FREE! Realistic 3D ball animation. Enjoy with "Balance Classic Ball" game.Rolling classic ball with best foot gear. Color line classic ball,Football or basket ball viewer on 3D graphics. Rapid speed ball balance on classic player.Features:!) Free 3D Flappy Ball Classic.!) Compatible with all tabs and mobile devices.!) Easy to move each other.!) You need to maintain the speed and movement.!) All direction you can move for reach to the target.!) Total 9 Levels available for your challenge.!) Exciting and Fun levels.!) Move left, right, top, bottom by key.!) No need for internet connection.;Free 3DGame;Free+3DGame;00;1.7;4.1 and up;2017-12-03;['Everyone']
com.nenoff.followthelinefree;android;Follow the Line 2D Deluxe;Follow the Line 2 D Deluxe is one of the best line games you can play with your skillful finger. Go fast through the randomly generated maze and try to follow the dancing line. Don't touch the borders and be aware of the rolling obstacles. Gp as far as you can, avoid the obstacles and unlock new challenges. Follow the path in the sky and try to be the best, test your skills with your skillful fingers and see which one of your friends can run faster and set a new record!To be good in this game, you don‚Äôt only need a skillful finger, but also quick reflexes and precision. Don't be a troll that slithers slowly on the line until his fingers are butchered by the moving obstacles! Often you will have to dance around the rolling obstacles with time rushing and the line slither away. Move like a snake through the narrow passages and slither between the moving obstacles in the sky as fast as you can to win. Unlock new levels, complete daily challenges and collect coins and gems.Use the awesome powers helping you on your journey to keep rolling and rolling forward and beat the high score of your friends.Show your high score to the world through the integrated google games play games services leaderboard.Click now on the ball and start the race. Follow the line with your thumb and show everybody what hero you can be!NEW! RPG elements added! Complete Quests and Missions and get great rewards!How to play:* Touch the ball to start rolling* Raise your finger to pause the game, but be aware of the moving monster obstacles or they will say mmm tasty and will cut your fingers for breakfast* Stay on the line and don‚Äôt touch the borders* Dance around the moving obstacles and avoid touching them* Collect coins and gems to upgrade your abilities and resurrect when you die* Use the powers to survive longer and beat the high scoreFeatures:* Every time a different maze to run* Smooth gameplay* Easy gameplay with only one skillful finger* Great graphics & effects on any screen size* Dynamic obstacles* Amazing sound effects and music* Lots of new levels to unlock* Leaderboard trough the google play games services* Facebook integration (brag on Facebook how good you are)* Gems to collect and use to resurrect after crash* Wings power up - now you can also leave the line for a short period of time* Snail power up - take a break for a short period of time and slither slower before the next acceleration* Score multiplier power up - doubles your score earning for a short period of time* Shield power up ‚Äì protects you from the moving parts for a short period of time* Collect coins and upgrade your favorite power up* Complete daily challenges to get even more surprises* RPG elements: complete quests and missions and get extra great rewards;Nenoff - fun time killing Mobile Games Deluxe;8759329978782207880;00;25;4.1 and up;2019-06-01;['Everyone']
com.xuet.rolltheballrollingbalance3d;android;Roll The Ball Rolling Balance 3D;You will love this Rolling Ball game with great sensor controller. You can control the ball with motion sensor. You can complete the level by reaching the destination. Rolling Ball have 50 levels. You will have so much fun with realistic 3D physics engine. Have Fun! Good Luck!Game Features:- Exciting and Fun levels!- It's a FREE game!- Compatible with all tabs and mobile devices.- Classic gameplay- No time limits- Play ball game!;GoodStudy Games;GoodStudy+Games;00;1.0;2.3 and up;2017-11-20;['Everyone']
com.kuttigames.tenkyurollball;android;Roll Tenkyu Ball Into Hole;How To Play And Pass Tenkyu Puzzles?‚ú¶Just Drag up and down to roll the ball through a 3D world to reach the goal!Carefully maneuver through all 50 stages.‚ú¶Swipe your finger and tilt the stage and roll the ball to balance the ball and clear maze.Avoid Falling due to the gravity and stay on the platform of the maze stage.‚ú¶there will be blocks and bricks on the stage , so you have to slither like snake to carefully doge‚ú¶stage is always idle and u can flip , rotate the stage by dragging up,down,left and right.‚ú¶don't crash on cubes, spikes and bombs otherwise balls will be crushed and pop.‚ú¶each level is divided into few sub levels to make game more short and snackable , as u pass a sub level ball will fly from sky to next stage and hit on it and you have to fill that ball into the black hole to clear the puzzle.Features of Roll Tenkyu Ball Into Hole:‚ú¶journey through the tenkyu ball world and every new level comes with colorful ballz and stages ,with hoops and colorful roads.‚ú¶levels are stacked on eachother and ball jumps to next level.‚ú¶many unique puzzles filled with  twisty ,bendy and helix shaped platforms.;Catobilli;Catobilli;00;.7;4.1 and up;2019-02-08;['Everyone']
ru.empiregames.maze3d;android;Maze World 3D;Maze World 3D - puzzle and adventure, you need to find the exit in the maze, collecting bonuses and keys along the way.Game features:‚òÖ 40 levels, divided by the area type‚òÖ Easy to play: forward, turn left and right controls‚òÖ Use game objects - keys, doors, coins‚òÖ Mini-map‚òÖ Rating system: collect all coins in the level and find the exit in a fast time to get the maximum rating;Empire games;Empire+games;00;1.2.4;4.0 and up;2017-05-18;['Everyone']
com.jksol.balance.flappy.ball.classic;android;3D Balling Resurrection;Balance Ball provides fantastic game play and accurate physics for Balance Ball enthusiasts.3D Balling Resurrection is dynamic balance bar control ball game.3D balling resurrection is goalball for ball control.Ball resurrection control ball bar, ball control bar, dragon ball, simple ball, effect ball move.3D Balling Resurrection is balling game to fully balancing in creative path. In Balance 3D game, you are to operate a ball, simultaneously keeping its balance.Features:- Free 3D Flappy Ball Classic.- Ball is a 3D puzzle, logic, Realistic 3D ball animation and balance game.- Control the ball to travel through the path and reach the goal portal within limited time.- Classic gameplay, Deep atmosphere, Modern graphics, Realistic physics, Intuitive controls.- You need to maintain the speed and movement.- All direction you can move for reach to the target.- Total 10 Levels available for your challenge.- Exciting and Fun levels.- Move left, right, top, bottom by key.3D Balling Resurrection is introduce by excited madonna redball through checkpoint and controlling slap to passed blown atmosphere.Best 3D Balling Resurrection game for android in playstore, Special speedball for "Balance Classic Ball" game which can able to give you fully entertainment to play balanced. Rolling classic ball with best foot gear. Color line classic ball, Football or basket ball viewer on 3D graphics. Rapid speed ball balance on classic player.Rapid speed ball balance on classic player.Balance Ball is a free ball balance 3D game combining the elements of arcade and puzzle, where an errant ball is the only character. Every new stage will bring you new challenges: steep slopes and bends, dangerous areas, barriers - there is no time for boredom.Tags: balance, balance, ball, balling, 3D;snappy studio;snappy+studio;00;1.5;4.1 and up;2018-06-13;['Everyone']
com.Hamster.Pet.House.Decorating.Games.PGA;android;Hamster Pet House Decorating Games;üêπ Throw a glance at our new‚Äúhamster house‚Äùof fun and you will get so many interior design ideas for your own pet hotel. If you thought one simple mouse maze would be enough to complete your animal cage design, you are so far from the truth. Let ourüè° Hamster Pet House Decorating Games üè°show you just how much fun creating your own animal mansion could be! It is not one of those mere room cleaning games. You and your cute hamsters deserve so much more! Do your virtual guinea pig a favor and provide him with the sweet home makeover. Unlike other‚Äúpet house games‚Äù, for girls this one is focused on making small‚Äúhamster cages‚Äùeven more fun to live in. With this‚Äúhome decoration games‚Äùyou will fill up their little nest with all kinds of hamster toys. üêπüè† Do not look for a better animal house design. You won't find one. üè†üßÄ Enter your new virtual home and pick a room design!üßÄ Meet your new friends ‚Äì golden hamster and different fluffy pets!üßÄ Create your dream house and play room with hamster maze ‚Äì chose home design you want!üßÄ Match and mix various miniature furniture items and home decorations to create a magical hamster farm!üßÄ Extremely easy to use: just touch the items and drag them wherever you wantüßÄ Take a photo, share it across all social networks and boast of your cute pet home!üßÄ All this and much more awaits you only inüè° Hamster Pet House Decorating Games üè°free of charge!üè† Make each day a new adventure for your‚Äúhamster pet‚Äùanimals! üè†üêπ Create an animal dollhouse unlike any other! Download our‚Äúpet games for girls‚Äùand make the wildest dreams of your kawaii hamster come true. If you are lucky to have guinea pigs as pets, you should do everything you can to make them happy and comfortable. Our latest virtual‚Äúhouse design games‚Äùwill bring so much joy to your panda hamster. Build him the best animal castle! Do not hold back! His guinea pig life will be anything but boring after you decorate pet house. When you put all of the furniture and toys around, that is when the party starts! My‚Äúpet house decorating games‚Äùare perfect for you! üêπüè† You can download‚Äúpet hamster games‚Äùfor free and have so much fun! üè†üêπ Let us introduce you to the best guinea pig simulator out there! Instal your own hamster wheel and decide on your pet house decoration. Find out how to design your home and watch over your hamster animal in less than a minute. Home interior design app is taking control over your white hamster simulator. These are not typical‚Äúanimal house games‚Äù. Take care of your own pet thanks to ourüè° Hamster Pet House Decorating Games üè°! Let him be. May he enjoys his new home. The only thing you can do is to join him, and have a blast with these‚Äúguinea pig games‚Äùfree! üêπüè† Decorate your fancy hamster mansion with our pet hotel games! üè†üêπ There is nothing wrong with having hamsters in a house. As long as you decorate your own house the right way. If you like to play cute animal games for girls, you will love what we have to offer!üè° Hamster Pet House Decorating Games üè°is the best combination of everything you've ever desired to have. Now you can have fun creating a funny hamster hotel! A place like no other! Room decorating games that provide you with an amazing hamster care. Yes, you read that right. Create extremely comfortable and filled with love‚Äúguinea pig house‚Äùand he will be forever grateful! üêπ;Pink Girly Apps;Pink+Girly+Apps;00;4.0;4.1 and up;2018-11-14;['Everyone']
com.eivaagames.Bowling3DPro;android;Bowling 3D Pro FREE;Play the best bowling game in amazing realistic 3d graphics. Test your bowling skills in the NO 1 bowling game.Bowl more Strikes and become the bowling king.Flick forward with your finger to throw the ball and knock down the pins.Swipe across the screen to add spin to the ball.So download the most addicting 3d bowling game for FREE with HD graphics for your mobile now!3 Game Modes:Single PlayerPass n PlayVS. CPUFEATURES:‚óè 16 unique custom bowling balls.‚óè 3 Game Modes.‚óè Customize the alley by choosing the wood and background mask you like.‚óè Realistic Physics.‚óè Stunning 3D graphics.‚óè Each Player can choose their own ball.‚óè Stats Screen.Get the latest news, deals, and more at:FACEBOOK: http://facebook.com/eivaagamesTWITTER: http://twitter.com/eivaagamesYOUTUBE: http://youtube.com/eivaagames;EivaaGames;5803646126051297915;00;1.8;4.1 and up;2018-11-30;['Everyone']
com.bitofgame.gyroball;android;Gyro Ball;Do you have the patience and skill to master Gyroball?This none stop, action packed, fast paced arcade game will really test your skills, you need to race through each course, without falling off, being blown up or off a platform. Can you reach the end?The physics are built to give you the best control possible over the situation, not only are the ball physics very responsive, but you also have control over the camera to give you a real indepth look at each tricky spot.It‚Äôs easy to learn to control Gyro Ball, but tricky to master, will you be one of those masters? Speed through each course and earn more stars the faster you complete it.This is essentially a marble roller game, but one that‚Äôs been pumping iron in the gym and certainly didn‚Äôt miss a leg day, if you love a good puzzle or skill game or even racing, I‚Äôm sure your skills will come in very handy for this arcade classic.Features:Easy controls, one finger moves the ball wherever you want to go.Physics that have been perfected to give you the best possible play.;Bit of Game;4928015747104013274;00;1.2;2.3 and up;2017-09-08;['Everyone']
com.arcticasoftware.unchained;android;The Unbeatable Game Unchained;The Unbeatable Game Unchained is a spin-off of our previous smash hit "The Unbeatable Game".This version is even harder and even more addicting than the original! To beat the game you'll need the balance of a mountain goat, the stubbornness of a mule and probably also a bionic arm.How to play: tilt your phone left/right to steer, don't hit the walls, try to get to the finish lineCan you do the impossible and make it to the end?Also check out the original, you can find the link down below under "More by Arctica Software".;Arctica Software;Arctica+Software;00;1.1.3.10;2.3 and up;2016-03-17;['Everyone']
com.funplaygames.squishytoys;android;Squishy Toys : Anti Stress Ball Simulator;Its calming and weirdly addictive!Squish bright anti stress ball to relieve or ease stress and relax. Tap and hold your finger to squish antistress ball toys.love stress balls because they are so relaxing to play with and It takes stress away to give Such satisfying experience.Choose one of the Kawaii Squishy toys and start squeezing or kneading like a dough or slimeThis popular squishy slime anti stress bright toys will calm nerves and relieve anxiety.Choose a  wide variety of antistress balls,eggs and kawaii toys to feel relieved and give comfort to your anxiety.just tap and hold squishys kawaii toys with your finger for fun and joy.How to play:Tap and hold your finger to squeeze the balls,eggs and kawaii toys.The selected  toys can be rotated and squeezed like an anti stress ballApp features:* Kawaii Squeezing anti stress toys* Calming apps with squishys balls and kawaii toys* Antistress ball toy - for kids and adults* Anxiety stress relief gamesEnjoy this clicker of fun for both Adult and Kids!;Fun Play Games;Fun+Play+Games;00;2.0;4.1 and up;2019-09-06;['Everyone']
au.com.espace.marbleMania;android;Marble Mania - Ball Maze;Guide the silver marble through the wooden maze by creating a path using the various shaped tiles while avoiding the obstacles. You‚Äôll need to be quick though, because once the ball starts rolling it doesn‚Äôt stop. Sound simple?  You‚Äôll also need to contend with ball warps, roll overs, moving turrets, machines, activation switches, sliding doors and multiball as you work through the puzzles.Marble Mania is the latest action puzzle game from the award winning indie game developer. If you enjoy challenging, entertaining and addictive puzzles mixed with frantic action then this brand new and original fresh game concept is for you.Game Features:- Simple and intuitive touch based gameplay. Requires sharp logic, fast thinking and quick fingers to master.- Contend with ball warps, roll overs, moving turrets, machines, activation switches, sliding doors and multiball as you work though the puzzles- A large selection of individually crafted puzzle boards for unlimited fun and challenge. More puzzles will be added in free future updates- Supports the following languages: English, French, German, Portuguese, Italian, Spanish, Russian, Greek, Turkish, Romanian, Arabic, Persian, Danish, Dutch, Norwegian and Finnish- Increasing difficulty as you progress through the puzzles- High quality images and animation that look great on High Definition (HD) and retina displays of both tablets and smart phones- Addictive fun with some brainteasers thrown in to keep the mind stimulated and entertained for hours.- Free to download and play a selection of the puzzles with a single in game upgrade to the full version that lets you play all current and future added puzzles.- Great fun for the whole family, adults and children alike. Gender neutral, appeals equally to boys and girls.Marble Mania was inspired by the early physics computer games, pinball machines and traditional 80s arcade slot machines. It combines manic graphical rolling and unrolling ballgame play with cognitive brain teasing puzzles that exercise, challenge, stimulate and sharpen the brain. Addictive electronic board game based fun for the whole family appealing to children of all ages as well as teenagers and adults, that will also challenge and stimulate the brain with brainteasers along the way.We hope you enjoy what we believe is one of the best exclusive new action puzzle games available on the app store today. To see our other multi-platform tablet and smart-phone apps please visit our website at http://espacepublishing.com;Espace Publishing;7597585547007246427;00;1.6;4.0 and up;2016-09-30;['Everyone']
com.enjoymobilgames.spiralball;android;Spiral Ball Mania - Bounce Ball Game;Spiral Ball Mania - Bounce Ball Game is super simple to learn yet insanely addictive to play. Try to experience the adventure of the bouncing ball through the helix tower labyrinth.Do you like Slides or Spiral ? Spiral Ball Mania - Bounce Ball Game is made for you!Spiral Ball Mania - Bounce Ball Game with crazy ball jump and very addictive game play. Jump and complete helix maze and level.Simple controls just slide the fingers right and left for the helix rotation and jump of the ball. Try to avoid the odd color spots helix and let the ball pass.HOW TO PLAY Spiral Ball Mania - Bounce Ball Game:* Rotate the helix maze by sliding your finger horizontally across your screen to guide the jumping ball through the gaps in the helix tower.* Be careful not to let the jumping ball hit the different planks in the helix maze or its game over!Do not miss your jump - do not fall off the edge! Spiral Ball Mania - Bounce Ball Game arcade tower bounce spiral is jumping bonus hoodoo bouncing.Infinitely slide down the helix, but be careful, you are not a kid anymore! Jump over the pits and obstacles, avoid objects shooting at you.Bit your high score and compete with others to hit the best score in the world!We hope you enjoy the new sensation that is Spiral Ball Mania - Bounce Ball Game and Give us thumbs up as feedback.Spiral Ball Mania - Bounce Ball Game Features :- Easy "One Touch" operation!- Always new generating helix levels for infinite jump fun!- Each stage is randomly generated to match your current level!- Achieve so-called helix combos for more points!- Maximize your helix combos to make platforms explode!- Compete with other players via the highscore leaderboard to compare your scores!- Get the first place to prove that you are the Jump King!- Do not jump on deadly obstacles!- Incredible ball bouncing game!;Sengor Mobil Games;Sengor+Mobil+Games;00;3;4.1 and up;2019-07-10;['Everyone']
com.enteriosoft.extremebalancer2;android;Extreme Balancer 2;Extreme Balancer 2 is an adventurous game in which you have to balance the ball and reach to the boat. The whole surrounding is full of water and you have to balance the ball on the wooden bridges and you have to find the way to boat. There are 15 exciting levels with each of unique maps.Extreme Balancer 2 comes with a great graphics and have more interesting levels than its first part. It also have much improved controls than its earlier part so you can balance the 3D ball much accurately.Rules: You have to balance the ball on wooden floor without falling in water. After every start of level, you are given 5 lives and after every fall until your health is over, you are respawn to the checkpoint. Make sure not to touch the red barrel otherwise it will explode. And by escaping all the obstacles you have to reach the boat.Enjoy!;Enteriosoft;8827829994088552831;00;1.8;4.1 and up;2018-07-23;['Everyone']
com.roll.the.ball.games3d.rollingball.balance;android;Balance Ball 3D;In 3D Rolling Ball - Balance Ball game, you are to operate a ball, simultaneously keeping its balance the ball. It is not so easy: your way runs over the clouds across narrow roads and air tunnels. 3D Rolling Ball is a free 3D game combining the elements of arcade and puzzle, where an errant ball is the only character is addictive 3d games. This story originated in the early 80s with the game. The main goal of the game is to pass through all levels and reach the maximum score.Features of 3D Rolling Ball - Balance Ball game# Classic gameplay# Deep atmosphere# Realistic physics# Intuitive controls# No time limit# Free-to-play# English-language support# Stunning Modern 3D graphics# State-of-the-art 3D physics engine for real pin action# 5 outrageous bowling scene# Multiple bowling balls games free in each scene# Detail stats trackingThis 3d balls game is ball vs galaxy in falling ball game as glow ball you will face so many obstacles that its like ball vs obstacle and ball control to ball escape falling balans balance game. The ball goes off gravity ball like box ball games for kids and have 3d fun.How to Play:# Drag the ball to the left or right to position the ball for your throw.# Flick the ball with your finger to bowl.# Gesture a curve the screen to throw all hook balls free.React fast, don't cross the edges of the field, lest you should slide down to the chasm! Intermediate results are not saved - if you fall it will bring you to the beginning of the level for 3D Rolling Ball - Balance Ball. Whole new balance game to free ball game which is having 3d maze and move the ball to enjoy is simple ball game. If you are not good at balancing you can fall down ball games. You only need to check stability balls 3d. This 3d balance the ball 3d rolling ball - balance ball. This bol is perfect game from various nice games among best ball game in this 3d puzzle and physics bouncing balls. Have maze ball to clear all the levels and you will forget all other rolling games in ball 3d.Download play game and give us a review for 3D Rolling Ball - Balance Ball.;Vasundhara Game Studios;Vasundhara+Game+Studios;00;1.10;4.1 and up;2019-07-16;['Everyone']
br.com.tapps.hamsterrescuesaga;apple;Hamster Rescue - Whack the Pet Hamster Ball;Get your mighty mallet because it‚Äôs rescue time! Test your reflexes and do your best to save the pet hamsters from the laboratory. Have fun with this rendition of the classic whack-a-mole game and see how many points you are able to score. Play now! ++ Can you rescue them all? ++ ‚ÄúIt reminds me of the classic mole arcade game. So much fun!‚Äù ‚ÄúIt‚Äôs like the old times.‚Äù‚ÄúThe arcade fun now in my hands, Hamster Rescue is great.‚ÄùHOW TO PLAY ‚Ä¢ Hit the balls with your mallet to release the hamsters ‚Ä¢ Do NOT hit the bombs ‚Ä¢ ‚Ä¶ that‚Äôs it! Disclaimer: While this App is completely free to play, some additional content can be purchased for real money in-game. If you do not want to use this feature, please turn off in-app purchases in your device's settings. Like our page on Facebook and be the first to know about our upcoming games and updates! http://fb.com/tappshq;Tapps Tecnologia da Informa√ß√£o Ltda.;444343830;00;1.1.2;6.0;2015-04-17;4+
au.com.webtopia.CHBFree;apple;Crazy Hamster Ball Free;Crazy Hamster Ball recently reached #1 over all apps in Canada.  Over 500,000 downloads!  Half a million people addicted to Crazy Hamster Ball can't be wrong. Find out why Crazy Hamster Ball has an average rating of 4.5 stars.‚îÄ‚îÄ‚îÄ‚îÄ‚îÄ‚îÄ‚îÄ‚îÄ‚îÄ‚îÄ‚îÄ‚îÄ‚îÄ‚îÄ‚îÄ‚îÄIt's up to you to control the Crazy Hamster Ball as he escapes from the Mad Scientist's Lab.  Gameplay is simple just tap the screen to jump, or hold to continue jumping.  Our crazy hero is running as fast as he can but he needs you to jump the many obstacles along the way.Crazy Hamster Ball could be one of the first 3 dimensional 2D platform games.  Pass through the suction tube to go deeper into the lab.  See future levels behind the one you're on.This highly addictive but simple game will keep you entertained for hours.There are a range of objects to help you,- Speed Ups (double your speed)- Boosters (jump higher)- Side Boosters (reverse direction)- Anti Gravity Switches (to run upside down)- Teleporters (to instantly teleport to another location)and much moreIf you get really stuck you can buy level skips or get them for free by taking the free megadeal.  Both are available from the store inside the app.Also don't forget to collect apples and clothing items to gain, points, achievements and unlock Hamster Modes.Hamster Modes:Crazy, Trendy, Smarty, Clowny, Pinky and ArmyYou can also unlock hamster modes in the store.Unlock them all!30 action packed levels are available and there's more in the full version available in the app store.;Poulet Maison Ptd Ltd;291824239;00;1.0.1;3.2;2012-09-24;4+
com.avatarlabs.rhinoball;apple;RhinoBall;Straight from Walt Disney Pictures animated comedy BOLT, Rhino the hamster is on a roll and trying to get to his favorite TV super dog as fast as he can.Tilt your iPhone forwards, backwards, left and right to guide Rhino through the city streets, avoiding cars and other obstacles on your way to the finish line. ¬†Collect bonus lightning bolts and hit the launching ramps for a FULLY AWESOME adventure!How fast can you go? ¬†Let it begin!;AvatarLabs;294531477;00;1.4;2.2.1;2010-10-25;4+
br.com.tapps.hamsterroll;apple;Hamster Roll - Cute Pet in a Running Wheel Platform Game;You‚Äôve never seen hamsters in such a roll! Lead Honey and its friends through unexplored depths in this irresistible, cute and challenging platform game. Use touch or accelerometer controls in this fast-paced adventure to go as further as possible without going off the top of the screen. "An addictive game for people of all ages! A must have!" -- Best iPhone Games ‚ÄúOne of the best and most entertaining fall down games we‚Äôve played so far.‚Äù -- iOS Arcade ‚Äú4/4 - Fall down revisited! You won‚Äôt regret this download.‚Äù -- MobiAddiction HIGHLIGHTS ‚Ä¢ 13 unique pet hamsters: Honey, Cake, Sugar, Cinnamon, Pudding, Cookie, Mousse, Coffee, Cream, Bubblegum, Smoky, Lucky and Cosmo. Get them all! ‚Ä¢ Special power-ups to aid your journey! ‚Ä¢ Two control modes: touch and accelerometer! ‚Ä¢ Fabulous illustrations! Disclaimer: While this App is completely free to play, some additional content can be purchased for real money in-game. If you do not want to use this feature, please turn off in-app purchases in your device's settings.Like our page on Facebook and be the first to know about our upcoming games and updates! http://fb.com/tappshq;Tapps Tecnologia da Informa√ß√£o Ltda.;444343830;00;1.1.2;6.0;2015-05-07;4+
com.funworksstudio.littlestsmarthamster;apple;Littlest Smart Hamster Pet Shop - Cage For My Friendly Pets;*** Help The Cute Hamsters Go Back To Their Cage ! *** It's time for the hamsters back to their cage and get some rest, your mission is to seperate the healthy and sick hamsters.Healthy hamsters are back to the cage on left side,sick hamsters are move to pet hospital on right side.To achieve an outstanding score in the world rankings, you'll need to complete the level as fast as possible. Seems easy right ? Try for yourself and challenge all 3 game modes ! --- How to play ---The controls are simple, press the left arrow to bring the healthy hamsters back to the cage, and press the right arrow to bring the sick hamsters move to the pet hospital.;Funworks Studio Co. Ltd.;399191920;00;1.0.1;7.0;2016-08-23;4+
com.JessicaMorris.GuineaPigEscape;apple;Hamster Jump Hero - Crazy Ball Bounce Wheel;Join Hammy the Hamster on his fun jumping adventure to escape the cage! Tap, jump, and hop through endless levels of  addictive action. Fun for the kids and the entire family! FEATURES - Endless run style game play- Cute and fun sound and design- Collect apples to get upgrades- Avoid the stinky bees- Most importantly... BEAT your friends!HOW TO PLAY: Tap to jump off of one ball to the next. Time your jumps to collect apples and avoid bees. Collect as many treasures as possible to maximize your score on your adventure! Having problems or want to leave us some feedback? We would love to hear from you! You can shoot us an email at support@yololabs.com.;Phillip Kung;658900332;00;1.0;4.3;2015-05-10;4+
com.funworksstudio.hamsterland;apple;Hamster Land - Cute Pets Hamsters Column Matches Up Games;*** Welcome To The Challenges Of The Cute Hamster Land ! ***In the world of the hamsters, there are many rows formed from different color of hamster, tap the same hamster buttons will clear rows of hamster. Let's see how fast your reaction is !60 seconds is all you have to complete the game,How many rows can you clear in a minute ?Seems easy right ? Try for yourself and challenge both game modes ! Get a good score and challenge players and friends on the leaderboards !;Funworks Studio Co. Ltd.;399191920;00;1.0;7.0;2016-02-07;4+
com.funworksstudio.hamsterdojo;apple;Hamster Dojo - Best Fun Pocket Games Play With My Littlest Pet Hamsters;*** Let's enter the Hamster Dojo and challenge yourself ! ***Wanna test out your reaction speed with the cute hamsters ?The game is easy, tap to change the bigger hamsterand match the smaller hamster, then send it up.Let's see how fast your reaction is !60 seconds is all you have to complete the game,How many scores do you think you can get in a minute?Seems easy right ? Try for yourself and challenge both game modes ! Get a good score and challenge players and friends on the leaderboards !;Funworks Studio Co. Ltd.;399191920;00;1.0;7.0;2016-01-09;4+
jp.dan-ball.hamrace;apple;Ham Race;Hamsters' spinning race game. Keep two hamsters running in their wheel to reach the goal.The left button spins the rear wheel while the right button spins the front wheel. Wheels roll lightly by pressing both buttons!The energy decreases as the wheels spin. Be careful! When the energy turns to zero, you can't move the wheels!;DAN-BALL;348592290;00;2.3.0;8.0;2019-05-17;4+
com.ammonite.hammy;apple;HAMMY;The ultimate hamster ball game!Experience the high octane thrill of being a hamster in a ball as you navigate Hammy through an ever-changing course of challenging obstacles and geometry at rapid speed while attempting to pick up as many collectables and powerups as you can!Challenge yourself to beat your best distances, improve your averages and unlock new Hammies and customise your hamster ball!;Ammonite Design Studios Ltd;460176444;00;1.1;9.0;2019-02-18;9+
com.niponph.bounceingball;apple;Easy Red Ball Bouncer - Bouncing Ball Endless Game!;In my town, Every Sunday boy & girl play basketball by bouncing ball and shoot ball. they try to bounce the ball to reach at the goal. so I got the idea to do this game.In this game you can play and bounce the ball and try to avoid wormwood and get high score as you can. This is game can help you a lot of killing the time. you can play everywhere you need to have some fun while waiting for something. Thanks everyone to interest my game and hope you will enjoy with this. any feedback please leave we will continue update it.;nipon phuhoi;877194588;00;1.1;5.1.1;2015-08-18;4+
com.SiDesign.supergerball;apple;Super Gerball;Gerry the gerbil has his eye on some shiny balls!In particular, Gerry loves shiny GOLD balls.In order for Gerry to get his hands on some shiny gold balls, he must spin and roll across 50 levels contained within 5 rooms of Gerry's house!Gerry's house is not just any house though! No, Gerry's house is very dangerous. It contains many traps and hazards that Gerry might bump into, but worst of all - Gerry might fall off the edge of a level, and SMASH his own ball into a million tiny pieces!So what are you waiting for - hurry and help Gerry collect his shiny balls!Game features:* Amazing 3D graphics - push your iPhone and iPad to the max and see what it can do!* 60fps  - silky smooth gameplay!* Full 3D ball physics - playing with a gerbil has never been so much fun!* 50 levels - from the weird and wonderful to the twisted and tormenting!* 5 stages - starting from the beautiful green garden and ending with the spooky...???* 5 a-maze-ing levels - will you reach the end??* 3 unique endings - play well and watch all three wonderful endings!* 51 online high scores tables - are you the best in the world?* 5 player profiles - all the family can play!;Si Design;364380834;099;1.33;8.0;2018-02-12;4+
com.funworksstudio.hamster100;apple;Hamster 100 Adorable Pet Friends;*** A Cute Hamster Game Is Waiting For Your Challenge ! ***Want to test out your reaction speed with the cute hamsters ??Then challenge this game that requires the matching of 100 hamster !You'll need very quick hand-eye coordination, a little delay will affect your results !Seems easy right ? Try for yourself ! Get a good score and challenge players and friends on the leaderboards !;Funworks Studio Co. Ltd.;399191920;00;1.0;7.0;2016-01-23;4+
com.ibc.mobile;apple;Hamsterball;Hamsterball ‡πÅ‡∏≠‡∏õ‡∏£‡∏ß‡∏ö‡∏£‡∏ß‡∏°‡∏Ç‡πà‡∏≤‡∏ß‡∏™‡∏≤‡∏£‡∏ü‡∏∏‡∏ï‡∏ö‡∏≠‡∏•‡πÑ‡∏ß‡πâ‡πÉ‡∏´‡πâ‡πÅ‡∏ü‡∏ô‡∏ö‡∏≠‡∏•‡∏ó‡∏µ‡πà‡πÑ‡∏î‡πâ‡∏≠‡∏¢‡∏≤‡∏Å‡∏£‡∏±‡∏ö‡∏ó‡∏£‡∏≤‡∏ö‡∏Ç‡πâ‡∏≠‡∏°‡∏π‡∏•‡∏≠‡∏¢‡πà‡∏≤‡∏á‡∏£‡∏ß‡∏î‡πÄ‡∏£‡πá‡∏ß;Chalermpol Klinpratum;1363875703;00;1.2;10.0;2019-10-11;17+
com.niponph.ballup;apple;Easy Ball Up - Tab Ball Up Endless Game!;Tap Red Ball 3D on top ! you can simply to tab the ball and avoid obstacles (Windmill and platforms). try to get the high scores as you can. it's simple and easy to play for time killing. Thanks for everyone download and play ! This is kind of endless game that you can play for relaxing and get a good experience.;nipon phuhoi;877194588;00;1.2;5.1.1;2015-08-18;4+
com.uselesscreations.hamstergram;apple;hamstergram - make people hamsters instantly and more!;Sure, you've always wanted to turn your friends into HAMSTERS, but you've just never had the right app to do it... UNTIL NOW!Hamstergram instantly turns people into hamsters! Yes, HAMSTERS!LIVE on your camera, or in any photo you select, your friends' heads will be replaced by HAMSTERS!But, that's not all! You can also add an assortment of adorable little hamsters to any photo with ease! Rotate, flip and resize them until they fit perfectly! Improve your family portraits! Make hamsters invade your city! Build a hamster themed birthday card for your frail, hamster-phobic, granny! Be creative!Feeling artistic? You can even draw on your photos, add speech bubbles and captions, and so much more!Once you've created a hamster-ridden masterpiece, you can easily share it on social media! Instantly make your image a square for Instagram, and away you go! Use #hamstergram so we can check out your creations! We'd love to see what you come up with!Hamstergram is an all in one hamster app! It's the only hamster app you've ever need!(You probably don't need a hamster app at all, but wait til you see your family turned into hamsters and try not to laugh. It's hamster-rific FUN!);Useless Creations Pty Ltd;290021485;00;1.2.5;7.0;2015-04-25;4+
com.SiDesign.gerball;apple;Super Gerball iPad Edition;Gerry the gerbil has his eye on some shiny balls!In particular, Gerry loves shiny GOLD balls.In order for Gerry to get his hands on some shiny gold balls, he must spin and roll across 50 levels contained within 5 rooms of Gerry's house!Gerry's house is not just any house though! No, Gerry's house is very dangerous. It contains many traps and hazards that Gerry might bump into, but worst of all - Gerry might fall off the edge of a level, and SMASH his own ball into a million tiny pieces!So what are you waiting for - hurry and help Gerry collect his shiny balls!Game features:* Amazing 3D graphics - push your iPhone and iPad to the max and see what it can do!* 60fps - silky smooth gameplay!* Full 3D ball physics - playing with a gerbil has never been so much fun!* 50 levels - from the weird and wonderful to the twisted and tormenting!* 5 stages - starting from the beautiful green garden and ending with the spooky...???* 5 a-maze-ing levels - will you reach the end??* 3 unique endings - play well and watch all three wonderful endings!* 51 online high scores tables - are you the best in the world?* 5 player profiles - all the family can play!;Si Design;364380834;099;1.33;8.0;2018-02-12;4+
com.fullofsubstance.petsescape;apple;Pets Escape From The Pet-Shop - Learn Colors The Balloon Popping Fun Way;******** SPECIAL!! ******** Find the Secret Prize to unlock all Animals!! ********* Play this game together with your children and let them learn colors through repetitive flashing of the words.Not to forget the children could also hear the pronunciation of the words.;Full Of Substance LLP;574175186;00;1.0.1;6.0;2015-04-11;4+
com.bowiejazz.KidsColoringBook54;apple;Kids Coloring Book - Cute Cartoon Dinosaur Miyashita;Games Kids Coloring Book There are a lot of 24 cute cartoon style as boys. And girls can drain. Enhance their skills in creative design. To increase children's imagination as well.;Jintana Intawong;1064030397;00;1.0;8.0;2016-06-16;4+
com.dekovir.tiltmaster;apple;Tiltmasters;Swipe your finger to tilt the platform and roll the ball through challenging levels. Try not to fall off and become a tilt master!Collect gems to play with new balls!One finger easy-to-learn controls and addictive gameplay mechanics.;Dekovir, Inc.;393062490;00;1.09;8.0;2019-07-25;4+
com.jandusoft.flashball;apple;FlashBall in Sugar Land;‚ÄúFlash‚Äù, the hamster,  has lost their delicious Donuts, help ‚ÄúFlash‚Äù to find them.No special skills are needed, everything this game is asking for is a thoughtful mind and fast fingers.Prepare for a near impossible challenge in Sugar Land. Push your skills to the limit as you jump and dodge your way through sweet levels, get into this delicious world.Highlighted Features:‚óè Play with ‚ÄúFlash‚Äù, the Cute Hamster‚óè Innovative gameplay mechanics‚óè Challenge yourself with the near impossible Levels!‚óè Over 100 levels.‚óè Gave ‚ÄúFlash‚Äù help with awesome Boosters.‚óè Score on big bonuses.‚óè Enchanting animations, music and sound effects!‚óè Free & easy to play, challenging to master!How to Play:‚óè Tap anywhere on the screen to teleport ‚ÄúFlash‚Äù.‚óè Dodge traps and avoid falling.‚óè Unlock special boosters to help you pass those tricky levels.‚óè The more donuts you collect through the level, the higher the score will be. ‚óè Find the Big Donuts and finish the levels with 3 Donuts collected. Will you be able to collect the 3 Donuts on every level?‚óè Flash Ball in SugarLand is completely free to play but some in-game items may require payment.Music composed by Marta FuentesFollow us in our social channels:Facebook:https://www.facebook.com/JanduSoft/Twitter:https://twitter.com/JanduSoftYoutube:https://www.youtube.com/c/JandusoftWeb:http://www.jandusoft.com;JanduSoft S.L.;428832521;00;1.1.0;8.1;2017-04-20;4+
com.microwave.hamsterhop;apple;Hamster Hop;A hamster game like no other!Hop in your hamster ball (or square) to get as many stars as possible... But it isn't that simple. Dodge spikes, use fans and don't fall off!Won a load of stars? You can use your stars to unlock new hamster balls and textures!How high can you hop?;Adam Carmichael;1009063250;00;1.01;7.0;2018-02-09;4+
com.bowiejazz.KidsColoringBook43;apple;Kids Coloring Book - Cute Cartoon Ayukawa;Games Kids Coloring Book There are a lot of 24 cute cartoon style as boys. And girls can drain. Enhance their skills in creative design. To increase children's imagination as well.;Jintana Intawong;1064030397;00;1.0;7;2016-06-01;4+
com.reinforcementproductionsllc.gravitygerbil;apple;Gravity Gerbil;Gravity Gerbil is a simple and addictive mobile game for anyone, anytime! Your benevolent doctor has bestowed upon you the power to control gravity. What would you do with control over a fundamental force? If your answer is navigate deadly obstacle courses, run errands, and cheat at carnival tents, this is the game for you!-Finally, a game that shows the lighter side of animal testing!-Easy to play, just tilt your phone the direction you want to go.-Ad-free and supported with free content updates. Pay once and you get everything forever.-Over 30 handcrafted levels at launch, with many more planned for the future.-Complete courses in Puzzle Mode, or test your endurance in Infinity Mode.;Reinforcement Productions;1301493094;199;10;6.0;2018-02-20;9+
com.vientran.chubbyhamster;apple;Chubby Hamster - Cute stickers for iMessage;What better way to say anything than with the Chubby Hamster stickers pack! It has 40 high quality stickers with emotions ranging from happy to grumpy and everything in between. No matter what the conversation is about there‚Äôs a sticker here to take that conversation to the next level.FEATURES:‚Ä¢ Pack of 40 stickers.‚Ä¢ Buy once, FOREVER fun: You'll have all you need, No additional pay, NO In-app purchase!‚Ä¢ Easy to use! Tap the sticker you want, DRAG & DROP the sticker into your message.‚Ä¢ All images have been optimized for retina display and to perfectly fit into you SMS bubbles.;Vien Tran;841914898;099;1.0;10.0;2017-04-07;4+
com.vientran.fufuthehamster;apple;Fufu the Hamster - Cute stickers for iMessage;What better way to say anything than with the Fufu stickers pack! It has 40 high quality stickers with emotions ranging from happy to grumpy and everything in between. No matter what the conversation is about there‚Äôs a sticker here to take that conversation to the next level.FEATURES:‚Ä¢ Pack of 40 stickers.‚Ä¢ Buy once, FOREVER fun: You'll have all you need, No additional pay, NO In-app purchase!‚Ä¢ Easy to use! Tap the sticker you want, DRAG & DROP the sticker into your message.‚Ä¢ All images have been optimized for retina display and to perfectly fit into you SMS bubbles.;Vien Tran;841914898;099;1.0;10.0;2017-03-14;4+
com.vientran.sassyhamster;apple;Sassy Hamster - Cute stickers for iMessage;What better way to say anything than with the Sassy Hamster stickers pack! It has 40 high quality stickers with emotions ranging from happy to grumpy and everything in between. No matter what the conversation is about there's a sticker here to take that conversation to the next level.FEATURES:‚Ä¢ Pack of 40 stickers.‚Ä¢ Buy once, FOREVER fun: You'll have all you need, No additional pay, NO In-app purchase!‚Ä¢ Easy to use! Tap the sticker you want, DRAG & DROP the sticker into your message.‚Ä¢ All images have been optimized for retina display and to perfectly fit into you SMS bubbles.;Vien Tran;841914898;099;1.0;10.0;2017-04-11;4+
com.galaticdroids.tiltRollPetsPro;apple;Tilt Roll Pets Pro;Tilt Roll Pets Pro, No ads.Dexterity puzzle, tilt you phone to roll ball bearings into holes. This is the pets edition with pictures of cute puppies, kittens, bunnies, etc.This is a modern take on those old fashion dexterity games, you know the ones - you have to tilt your phone and get the little ball bearings into the holes.Easy right, well some are but others are extremely challenging. Stars are awarded for each level completed, the quicker you get the balls in the holes the more stars you get.There are easy and hard levels. On the easy setting the balls will stick in the holes so can't come out again. On the hard setting you'll find the little ball bearings can come back out of the holes if you tilt your phones too much.Either way, this is a simple little game to pass a few minutes while waiting for a bus or your favourite TV program to start.Download Tilt Roll Pets now.;Galatic Droids;806182439;099;1.0;6.0;2016-10-30;4+
